"ITEM_CODE","ITEM_NAME","BRAND_CODE","BRAND_NAME","ITEM_TYPE","ITEM_PRICE","ITEM_QUANTITY","REG_DATE","VIEW_CNT","ITEM_TAG"
STON06190103,Membranan 3L TC(W),STON,Stone Island,outers,1116550,98,2024-06-25 10:31:45.000,11,등록된 태그가 없습니다
STON06190112,Stone Island Ghost Piece_Cuproraso With Primaloft-tc,STON,Stone Island,outers,1426250,99,2024-06-25 10:46:51.000,9,등록된 태그가 없습니다
STON06190113,Stretch Cotton Twill,STON,Stone Island,outers,2037500,100,2024-06-25 10:47:07.000,5,등록된 태그가 없습니다
STON06200121,"Recycled Heavy Cotton Jersy, Tinto Terra",STON,Stone Island,shirt,464550,100,2024-06-25 11:08:40.000,1,등록된 태그가 없습니다
STON06200124,Stone Island Marina_'OLD' Treatment,STON,Stone Island,shirt,383050,100,2024-06-25 11:09:00.000,4,등록된 태그가 없습니다
STON06200132,Stone Island Ghost Piece,STON,Stone Island,shirt,448250,100,2024-06-25 11:10:14.000,1,등록된 태그가 없습니다
STON06210139,Nylon Metal in EcoNyl Regenrated Nylon,STON,Stone Island,trousers,513450,100,2024-06-25 11:11:32.000,2,등록된 태그가 없습니다
STON06210142,Stone Island Stellina(P),STON,Stone Island,trousers,562350,100,2024-06-25 11:11:50.000,0,등록된 태그가 없습니다
STON06210147,Dissolving Grid Camo on Econyl Regenerated Nylon(B),STON,Stone Island,trousers,725350,100,2024-06-25 11:12:36.000,7,등록된 태그가 없습니다
STON06220149,Stone Island Low Cut Sneaker Hairy Suede With Leather,STON,Stone Island,ETC,472700,100,2024-06-25 11:13:16.000,3,등록된 태그가 없습니다
STON06220150,Lino Nylon Tela-tc(V)(Bagpack),STON,Stone Island,ETC,725350,100,2024-06-25 11:13:23.000,5,등록된 태그가 없습니다
STON06220153,Lino Nylon Tela-tc(Beltbag)(P),STON,Stone Island,ETC,309700,100,2024-06-25 11:13:41.000,7,등록된 태그가 없습니다
STON06220158,Nylon Metal in Econyl Regenerated nylon(Buckethat)(V),STON,Stone Island,ETC,244500,100,2024-06-25 11:14:19.000,1,등록된 태그가 없습니다
STON06220163,Beach Towel(O),STON,Stone Island,ETC,317850,100,2024-06-25 11:14:49.000,1,등록된 태그가 없습니다
STON06210143,Stone Island Stellina(B),STON,Stone Island,trousers,562350,100,2024-06-25 11:11:57.000,0,등록된 태그가 없습니다
STON06210148,Panama Tinto Terra,STON,Stone Island,trousers,627550,100,2024-06-25 11:12:43.000,0,등록된 태그가 없습니다
STON06220151,Lino Nylon Tela-tc(P)(Bagpack),STON,Stone Island,ETC,725350,100,2024-06-25 11:13:28.000,2,등록된 태그가 없습니다
STON06220154,Lino Nylon Tela-tc(Beltbag)(B),STON,Stone Island,ETC,309700,100,2024-06-25 11:13:47.000,2,등록된 태그가 없습니다
STON06190101,Membranan 3L TC(R),STON,Stone Island,outers,1010600,99,2024-06-25 10:21:17.000,22,등록된 태그가 없습니다
STON06190102,Membranan 3L TC(B),STON,Stone Island,outers,1116550,98,2024-06-25 10:31:18.000,6,등록된 태그가 없습니다
STON06190104,Dissolving Grid Camo On Econyl Regenerated Nylon,STON,Stone Island,outers,1996750,100,2024-06-25 10:41:55.000,4,등록된 태그가 없습니다
STON06190105,Micro Twill,STON,Stone Island,outers,1035050,99,2024-06-25 10:43:45.000,24,등록된 태그가 없습니다
STON06190106,Panama Tinto Terra,STON,Stone Island,outers,1312150,99,2024-06-25 10:44:07.000,5,등록된 태그가 없습니다
STON06190107,Metallic Run Proof Nylon,STON,Stone Island,outers,1271400,100,2024-06-25 10:44:32.000,4,등록된 태그가 없습니다
STON06190108,Polyester Tela With David Light-tc(B&M),STON,Stone Island,outers,1271400,99,2024-06-25 10:44:48.000,3,등록된 태그가 없습니다
STON06190109,Polyester Tela With David Light-tc(B&O),STON,Stone Island,outers,1271400,100,2024-06-25 10:45:08.000,1,등록된 태그가 없습니다
STON06190110,Weatherproof Cotton Canvas_ghost Piece(Beige),STON,Stone Island,outers,1157300,100,2024-06-25 10:45:29.000,8,등록된 태그가 없습니다
STON06190111,Weatherproof Cotton Canvas_ghost Piece(Black),STON,Stone Island,outers,1157300,100,2024-06-25 10:45:49.000,2,등록된 태그가 없습니다
STON06190114,Quilted Nylon Stella Conprimaloft-tc,STON,Stone Island,outers,1206200,100,2024-06-25 10:47:27.000,1,등록된 태그가 없습니다
STON06190116,Bio Raso With Bio-alloy Light Cover-tc and Knit,STON,Stone Island,outers,1361050,100,2024-06-25 10:48:01.000,2,등록된 태그가 없습니다
STON06200117,Light Reacting 'LUCE' Print Technique(S),STON,Stone Island,shirt,676450,100,2024-06-25 11:07:58.000,1,등록된 태그가 없습니다
STON06200119,Stone Island Marina_plated Cotton Canvas,STON,Stone Island,shirt,627550,100,2024-06-25 11:08:19.000,1,등록된 태그가 없습니다
STON06200122,Printed Cotton Jersey With 'CAMO THREE' Embroidery,STON,Stone Island,shirt,464550,100,2024-06-25 11:08:45.000,1,등록된 태그가 없습니다
STON06200125,Stone Island Stellina,STON,Stone Island,shirt,301550,100,2024-06-25 11:09:05.000,0,등록된 태그가 없습니다
STON06200127,'FISSATO' Treatment(V),STON,Stone Island,shirt,285250,100,2024-06-25 11:09:16.000,0,등록된 태그가 없습니다
STON06200129,'SCRATCHED PAINT ONE' Print,STON,Stone Island,shirt,309700,99,2024-06-25 11:09:38.000,3,등록된 태그가 없습니다
STON06200130,'REFLECTIVE TWO' Print,STON,Stone Island,shirt,244500,100,2024-06-25 11:10:00.000,23,등록된 태그가 없습니다
STON06210133,Silm Fit,STON,Stone Island,trousers,472700,98,2024-06-25 11:10:43.000,1,등록된 태그가 없습니다
STON06210135,'OLD' Treatment(Y),STON,Stone Island,trousers,546050,100,2024-06-25 11:11:09.000,1,등록된 태그가 없습니다
STON06210137,Supima Cotton Twill Stretch-tc(P),STON,Stone Island,trousers,554200,100,2024-06-25 11:11:21.000,6,등록된 태그가 없습니다
STON06210140,Jeans,STON,Stone Island,trousers,497150,100,2024-06-25 11:11:38.000,10,등록된 태그가 없습니다
STON06210144,Loose Fit Cargo,STON,Stone Island,trousers,594950,100,2024-06-25 11:12:17.000,0,등록된 태그가 없습니다
STON06210145,Legular Fit Speed,STON,Stone Island,trousers,497150,100,2024-06-25 11:12:22.000,0,등록된 태그가 없습니다
STON06220152,Lino Nylon Tela-tc(G)(Bagpack),STON,Stone Island,ETC,725350,100,2024-06-25 11:13:34.000,2,등록된 태그가 없습니다
STON06220155,Stone Island Marina,STON,Stone Island,ETC,594950,100,2024-06-25 11:13:52.000,40,등록된 태그가 없습니다
STON06220156,Stone Island Stellina,STON,Stone Island,ETC,228200,100,2024-06-25 11:14:02.000,2,등록된 태그가 없습니다
STON06220159,Nylon Metal in Econyl Regenerated nylon(Buckethat)(B),STON,Stone Island,ETC,244500,100,2024-06-25 11:14:24.000,3,등록된 태그가 없습니다
STON06220161,Bucket Hat(B),STON,Stone Island,ETC,211900,100,2024-06-25 11:14:35.000,1,등록된 태그가 없습니다
STON06220164,Belt,STON,Stone Island,ETC,244500,100,2024-06-25 11:14:55.000,4,등록된 태그가 없습니다
STON06190115,Lino Nylon Tela-tc,STON,Stone Island,outers,1255100,100,2024-06-25 10:47:45.000,4,등록된 태그가 없습니다
STON06200118,Light Reacting 'LUCE' Print Technique(V),STON,Stone Island,shirt,790550,100,2024-06-25 11:08:12.000,1,등록된 태그가 없습니다
STON06200120,Comfort Fit,STON,Stone Island,shirt,415650,100,2024-06-25 11:08:32.000,20,등록된 태그가 없습니다
STON06200123,'INSTITUTIONAL ONE' Print,STON,Stone Island,shirt,260800,100,2024-06-25 11:08:54.000,9,등록된 태그가 없습니다
STON06200126,'STRIPES TWO' Print,STON,Stone Island,shirt,285250,100,2024-06-25 11:09:11.000,0,등록된 태그가 없습니다
STON06200128,'FISSATO' Treatment(B),STON,Stone Island,shirt,301550,100,2024-06-25 11:09:25.000,0,등록된 태그가 없습니다
STON06200131,'ARCHIVIO' Print,STON,Stone Island,shirt,309700,100,2024-06-25 11:10:06.000,0,등록된 태그가 없습니다
STON06210134,'OLD' Treatment(B),STON,Stone Island,trousers,546050,100,2024-06-25 11:10:53.000,2,등록된 태그가 없습니다
STON06210136,'OLD' Treatment(P),STON,Stone Island,trousers,546050,100,2024-06-25 11:11:15.000,1,등록된 태그가 없습니다
STON06210138,Supima Cotton Twill Stretch-tc(B),STON,Stone Island,trousers,554200,100,2024-06-25 11:11:27.000,0,등록된 태그가 없습니다
STON06210141,Stone Island Stellina(W),STON,Stone Island,trousers,562350,100,2024-06-25 11:11:44.000,50,등록된 태그가 없습니다
STON06210146,Dissolving Grid Camo on Econyl Regenerated Nylon(Y),STON,Stone Island,trousers,725350,100,2024-06-25 11:12:30.000,0,등록된 태그가 없습니다
STON06220157,Light Soft Shell-R_E.Dye Technology in Recycled Polyester(Cap),STON,Stone Island,ETC,228200,100,2024-06-25 11:14:13.000,10,등록된 태그가 없습니다
STON06220160,Bucket Hat(W),STON,Stone Island,ETC,211900,100,2024-06-25 11:14:30.000,1,등록된 태그가 없습니다
STON06220162,Beach Towel(M),STON,Stone Island,ETC,317850,100,2024-06-25 11:14:42.000,1,등록된 태그가 없습니다
